{
  "dise&#241;o": {
    "precision": 1.0,
    "recall": 1.0,
    "f1-score": 1.0,
    "support": 16,
    "confused_with": {}
  },
  "datoEnfoque": {
    "precision": 1.0,
    "recall": 0.75,
    "f1-score": 0.8571428571428571,
    "support": 8,
    "confused_with": {}
  },
  "enfoque": {
    "precision": 1.0,
    "recall": 1.0,
    "f1-score": 1.0,
    "support": 15,
    "confused_with": {}
  },
  "dato": {
    "precision": 0.9333333333333333,
    "recall": 0.9333333333333333,
    "f1-score": 0.9333333333333333,
    "support": 30,
    "confused_with": {}
  },
  "name": {
    "precision": 1.0,
    "recall": 1.0,
    "f1-score": 1.0,
    "support": 14,
    "confused_with": {}
  },
  "para": {
    "precision": 1.0,
    "recall": 1.0,
    "f1-score": 1.0,
    "support": 14,
    "confused_with": {}
  },
  "micro avg": {
    "precision": 0.9789473684210527,
    "recall": 0.9587628865979382,
    "f1-score": 0.96875,
    "support": 97
  },
  "macro avg": {
    "precision": 0.9888888888888889,
    "recall": 0.9472222222222223,
    "f1-score": 0.9650793650793651,
    "support": 97
  },
  "weighted avg": {
    "precision": 0.979381443298969,
    "recall": 0.9587628865979382,
    "f1-score": 0.96759941089838,
    "support": 97
  }
}